jobname,company,location,time
AssociateScientist- Environmental Science,IRRI Education,กรุงเทพมหานคร,วันนี้
DataScientist,LINE Plus corporation,กรุงเทพมหานคร,15 วันที่ผ่านมา
DataScientistand Analytics Consultant,AIS,กรุงเทพมหานคร,11 วันที่ผ่านมา
Senior AppliedDataScientist,dunnhumby,กรุงเทพมหานคร,3 วันที่ผ่านมา
DataScientist,บริษัท ซินเนอร์รี่ คอร์ปอเรชั่น (ประเทศไทย) จำกัด,กรุงเทพมหานคร,14 วันที่ผ่านมา
AssociateScientist- Environmental Science,International Rice Research Institute,Thailand,วันนี้
DataScientistSummer Internship,Sertis,กรุงเทพมหานคร,30+ วันที่ผ่านมา
DataScientist,Sertis,กรุงเทพมหานคร,12 วันที่ผ่านมา
DATABASE/DATASCIENTIST,บริษัทครีเอเทลคอม จำกัด,กรุงเทพมหานคร,30+ วันที่ผ่านมา
datascientist,Coraline,"คลองสาน, กรุงเทพมหานคร",30+ วันที่ผ่านมา
